product_id,avg_sentiment,review_count,pct_positive,pct_negative,avg_rating,sentiment_scaled
1384719342,0.45994,5,0.8,0.2,5.0,2.78168255283879
B00004Y2UT,0.6115,6,0.8333333333333334,0.16666666666666666,4.666666666666667,3.4097803564028184
B00005ML71,0.43648,5,0.8,0.0,3.8,2.6844591794446746
B000068NSX,0.9023142857142857,7,1.0,0.0,4.571428571428571,4.614978390859037
B000068NTU,0.6096600000000001,5,0.8,0.2,4.8,3.402154993783672
B000068NVI,0.5516076923076922,13,0.9230769230769231,0.07692307692307693,4.538461538461538,3.161573528005355
B000068NW5,0.46152884615384615,52,0.7692307692307693,0.19230769230769232,4.461538461538462,2.7882670789633077
B000068NZC,0.3000428571428571,7,0.7142857142857143,0.2857142857142857,4.142857142857143,2.119033804984903
B000068NZG,0.64272,5,0.8,0.2,4.6,3.5391628677994196
B000068O1N,0.7245333333333334,9,0.8888888888888888,0.1111111111111111,4.888888888888889,3.878215223097113
B000068O3D,0.14597142857142856,7,0.42857142857142855,0.2857142857142857,4.857142857142857,1.4805280918832513
B000068O3X,0.504964705882353,17,0.8823529411764706,0.058823529411764705,4.764705882352941,2.968274786085176
B000068O4H,0.35314999999999996,10,0.7,0.2,4.4,2.339121425611272
B000068O59,0.7729333333333334,6,1.0,0.0,4.666666666666667,4.078795413731179
B00006LVEU,0.40059285714285714,14,0.7142857142857143,0.21428571428571427,4.642857142857143,2.5357350068083595
B00009W40D,0.6370666666666667,6,1.0,0.0,4.5,3.515734217433347
B00009W40G,0.50715,6,0.8333333333333334,0.16666666666666666,4.0,2.9773311230832986
B0000AQRSR,0.79692,5,1.0,0.0,4.4,4.178201409034396
B0000AQRSS,0.8455857142857143,7,1.0,0.0,4.428571428571429,4.379882777810668
B0000AQRST,0.6661909090909091,11,0.9090909090909091,0.09090909090909091,4.7272727272727275,3.636431450853332
B0000AQRSU,0.7577764705882353,17,1.0,0.0,4.529411764705882,4.015982057970308
B000165DSM,0.5341333333333333,18,0.8333333333333334,0.16666666666666666,4.166666666666667,3.089155960768062
B0001FTVD6,0.6210416666666666,12,0.9166666666666666,0.0,4.916666666666667,3.4493231109269233
B0002BACB4,0.9125285714285714,7,1.0,0.0,5.0,4.657308625895447
B0002CZR3G,0.7763333333333334,6,1.0,0.0,4.166666666666667,4.09288575770134
B0002CZSJO,0.545725,28,0.8928571428571429,0.10714285714285714,4.607142857142857,3.137194363862412
B0002CZSJY,0.7330727272727273,22,0.9090909090909091,0.045454545454545456,4.636363636363637,3.913604340127341
B0002CZST4,0.7398818181818182,11,0.9090909090909091,0.09090909090909091,4.818181818181818,3.9418227027841617
B0002CZT0M,0.8319624999999999,8,1.0,0.0,4.375,4.323425196850393
B0002CZTIO,0.432275,16,0.6875,0.1875,4.125,2.6670327393286364
B0002CZUTM,0.9611545454545454,11,1.0,0.0,4.636363636363637,4.858825302339599
B0002CZUUG,0.9147500000000001,22,1.0,0.0,4.545454545454546,4.6665147119767925
B0002CZV46,0.7150299999999999,10,1.0,0.0,4.4,3.8388313302942394
B0002CZV78,0.84255,6,1.0,0.0,5.0,4.367302113551595
B0002CZV7I,0.9146666666666666,6,1.0,0.0,4.333333333333333,4.666169360408896
B0002CZV82,0.637815,20,0.85,0.15,4.05,3.5188354745130543
B0002CZVA0,0.8889999999999999,9,1.0,0.0,4.444444444444445,4.559801077496891
B0002CZVB4,0.82674,5,1.0,0.0,4.8,4.301782014090344
B0002CZVBE,0.7021,13,0.9230769230769231,0.07692307692307693,4.615384615384615,3.7852465810194778
B0002CZVHI,0.9325285714285715,7,1.0,0.0,5.0,4.740193002190516
B0002CZVI2,0.65967,10,1.0,0.0,4.7,3.6094073767094903
B0002CZVK0,0.4808625,24,0.7916666666666666,0.125,4.375,2.868389970990468
B0002CZVW8,0.46215,6,0.8333333333333334,0.16666666666666666,4.833333333333333,2.790841276419395
B0002CZVWS,0.726025,16,1.0,0.0,4.6875,3.8843970161624535
B0002CZVXM,0.6121445945945947,74,0.8918918918918919,0.10810810810810811,4.5,3.412451697449626
B0002CZVZK,0.81554,5,1.0,0.0,4.4,4.255366763365106
B0002CZW0Y,0.41606739130434783,46,0.7608695652173914,0.1956521739130435,4.217391304347826,2.5998648624299534
B0002CZZW4,0.77883125,16,1.0,0.0,4.625,4.103237670949026
B0002D0096,0.824025,8,1.0,0.0,4.75,4.290530460008288
B0002D01IG,0.9298,5,1.0,0.0,4.8,4.728885205138831
B0002D01K4,0.7785555555555556,18,1.0,0.0,4.888888888888889,4.102095132845236
B0002D01KO,0.5687222222222222,9,0.7777777777777778,0.1111111111111111,4.111111111111111,3.232499884882811
B0002D01PY,0.42704285714285717,7,0.8571428571428571,0.14285714285714285,4.428571428571429,2.6453495944585876
B0002D02IU,0.7342,6,0.8333333333333334,0.16666666666666666,4.833333333333333,3.9182760049730625
B0002D02RQ,0.7208461538461539,13,0.9230769230769231,0.07692307692307693,4.384615384615385,3.862934744492971
B0002D05FU,0.6609142857142858,7,1.0,0.0,4.857142857142857,3.614563968977562
B0002D070I,0.9355800000000001,5,1.0,0.0,4.4,4.752838789888107
B0002D0B4K,0.6363,9,0.7777777777777778,0.2222222222222222,4.777777777777778,3.512556983008703
B0002D0C1C,0.79692,5,1.0,0.0,4.4,4.178201409034396
B0002D0CA8,0.7455700000000001,10,1.0,0.0,4.7,3.9653957728968092
B0002D0CAI,0.5602272727272727,11,0.9090909090909091,0.09090909090909091,4.545454545454546,3.197294955355461
B0002D0CEO,0.7511537037037037,54,0.9814814814814815,0.018518518518518517,4.833333333333333,3.9885358628417062
B0002D0CGC,0.656768,25,0.96,0.04,4.52,3.597380853709076
B0002D0CGM,0.7733142857142857,7,1.0,0.0,4.857142857142857,4.080374163755846
B0002D0CGW,0.6494384615384615,13,0.9230769230769231,0.0,4.769230769230769,3.567005642513309
B0002D0CIK,0.6888384615384615,13,0.9230769230769231,0.07692307692307693,4.3076923076923075,3.7302878638145938
B0002D0CKI,0.7150045454545455,22,0.9090909090909091,0.045454545454545456,4.090909090909091,3.838725841088046
B0002D0CL2,0.7754615384615384,13,1.0,0.0,4.6923076923076925,4.089272848991042
B0002D0CLC,0.7206416666666667,12,0.9166666666666666,0.0,4.25,3.8620873048763644
B0002D0CLM,0.6119111111111111,9,1.0,0.0,3.6666666666666665,3.411484090804439
B0002D0CNA,0.48075,14,0.7857142857142857,0.14285714285714285,4.857142857142857,2.8679237463738083
B0002D0COE,0.4174,22,0.6818181818181818,0.18181818181818182,4.0,2.6053874844591793
B0002D0CQC,0.6251620689655172,29,0.8620689655172413,0.13793103448275862,4.551724137931035,3.4663989596581732
B0002D0DWK,0.5691454545454545,11,0.8181818181818182,0.09090909090909091,4.545454545454546,3.2342538522397617
B0002D0E8S,0.7102125,40,0.95,0.025,4.675,3.818866556154165
B0002D0HY4,0.8947666666666666,6,1.0,0.0,4.166666666666667,4.5836994059953025
B0002D0JZ6,0.8669555555555556,9,1.0,0.0,4.777777777777778,4.468444076069439
B0002D0KOG,0.7355909090909091,11,0.9090909090909091,0.0,4.818181818181818,3.9240402365972193
B0002D0L40,0.46717142857142857,7,0.8571428571428571,0.14285714285714285,4.571428571428571,2.8116511751820497
B0002D0LKY,0.5737428571428571,7,0.8571428571428571,0.14285714285714285,4.0,3.253306494582914
B0002D0LM2,0.8523400000000001,5,1.0,0.0,5.0,4.407874015748032
B0002D0MFI,0.7743800000000001,5,1.0,0.0,5.0,4.084790716949855
B0002D0N70,0.8738142857142857,7,1.0,0.0,4.714285714285714,4.496868154638564
B0002D0PB4,0.5655333333333333,6,0.8333333333333334,0.16666666666666666,4.333333333333333,3.219284431551319
B0002D0Q2W,0.7538266666666666,15,0.8666666666666667,0.06666666666666667,4.333333333333333,3.999613206243956
B0002DUPZK,0.6326,6,0.8333333333333334,0.16666666666666666,4.833333333333333,3.4972233733941156
B0002DUPZU,0.7555000000000001,6,1.0,0.0,4.5,4.006547865727311
B0002DUQ04,0.7260199999999999,5,1.0,0.0,4.6,3.884376295068379
B0002DURNK,0.89509,10,1.0,0.0,4.9,4.58503937007874
B0002DUS8E,0.62716,5,1.0,0.0,4.6,3.474678823041857
B0002DV6RQ,0.6238538461538461,13,0.8461538461538461,0.15384615384615385,4.384615384615385,3.4609773980681564
B0002DV7U2,0.44512,15,0.6666666666666666,0.13333333333333333,4.066666666666666,2.720265230004144
B0002DV7ZM,0.6147724137931035,29,0.8275862068965517,0.034482758620689655,4.793103448275862,3.423341955213856
B0002DVBJY,0.8419599999999999,5,1.0,0.0,5.0,4.364857024450891
B0002E1G5C,0.6288048951048951,143,0.8951048951048951,0.03496503496503497,4.580419580419581,3.481495628283859
B0002E1H9W,0.7095238095238096,21,0.9047619047619048,0.0,4.666666666666667,3.816012472125195
B0002E1I2I,0.691475,8,0.875,0.125,4.375,3.7412142561127224
B0002E1J3Q,0.6000363636363637,11,0.9090909090909091,0.09090909090909091,4.363636363636363,3.3622725388991452
B0002E1J5E,0.3853111111111111,9,0.6666666666666666,0.1111111111111111,4.222222222222222,2.472404107381314
B0002E1NNC,0.66566,5,1.0,0.0,4.8,3.6342312474098635
B0002E1NNM,0.7923,8,1.0,0.0,4.5,4.159055118110236
B0002E1NQ4,0.858025,8,1.0,0.0,4.875,4.431433899709905
B0002E1NQE,0.7249000000000001,5,0.8,0.2,4.8,3.879734769995856
B0002E1O2C,0.723415625,32,0.9375,0.03125,4.65625,3.873583195192706
B0002E1O2M,0.5901857142857143,14,0.7857142857142857,0.21428571428571427,4.285714285714286,3.321449292522645
B0002E1O2W,0.7000857142857143,7,1.0,0.0,4.142857142857143,3.776898940264046
B0002E1O3G,0.50061875,16,0.75,0.1875,4.4375,2.9502641939494407
B0002E1O5E,0.7826799999999999,15,0.9333333333333333,0.0,4.733333333333333,4.119187733112308
B0002E1O7M,0.8835000000000001,8,1.0,0.0,4.75,4.537007874015748
B0002E1O7W,0.84852,10,1.0,0.0,4.9,4.392043099875673
B0002E1O90,0.87902,5,1.0,0.0,5.0,4.518441773725653
B0002E1OVS,0.9473600000000001,5,1.0,0.0,4.4,4.801657687525902
B0002E2EOE,0.6448833333333334,6,0.8333333333333334,0.16666666666666666,4.333333333333333,3.548128194502003
B0002E2G24,0.5191800000000001,5,0.8,0.2,4.0,3.027186075424783
B0002E2G2O,0.50956,5,0.6,0.4,4.0,2.9873186904268545
B0002E2GMY,0.5806739130434783,23,0.8695652173913043,0.043478260869565216,4.304347826086956,3.2820303068523757
B0002E2KPC,0.6533235294117647,68,0.8823529411764706,0.058823529411764705,4.5,3.5831062138904466
B0002E2S36,0.5910428571428571,14,0.9285714285714286,0.07142857142857142,4.714285714285714,3.3250014800781478
B0002E2TTO,0.6724833333333334,6,1.0,0.0,4.333333333333333,3.662508633789198
B0002E2VXS,0.87026,5,1.0,0.0,4.8,4.482138416908413
B0002E2XCW,0.6999422222222222,45,0.9333333333333333,0.044444444444444446,4.866666666666666,3.7763042777547544
B0002E2Z8Y,0.6065333333333334,9,0.8888888888888888,0.1111111111111111,4.333333333333333,3.3891974029562095
B0002E37G8,0.6928,6,1.0,0.0,4.5,3.746705346042271
B0002E37MM,0.13017499999999999,4,0.25,0.25,3.0,1.4150642353916285
B0002E382Q,0.9302400000000001,5,1.0,0.0,4.6,4.730708661417323
B0002E3830,0.72535,6,1.0,0.0,4.833333333333333,3.881599668462495
B0002E38AS,0.5217666666666667,9,0.7777777777777778,0.2222222222222222,4.555555555555555,3.037905788092278
B0002E38B2,0.5039666666666667,12,0.75,0.25,4.833333333333333,2.964138693189667
B0002E3A8S,0.58648,5,0.8,0.2,4.2,3.3060920016576874
B0002E3B78,0.7051909090909091,11,0.9090909090909091,0.09090909090909091,4.090909090909091,3.7980559846287156
B0002E3CHC,0.7675545454545454,44,0.9318181818181818,0.045454545454545456,4.5227272727272725,4.0565045398033375
B0002E3DGC,0.6968142857142857,7,0.8571428571428571,0.14285714285714285,4.285714285714286,3.76334142442721
B0002E3DLM,0.8573999999999999,9,1.0,0.0,4.333333333333333,4.428843762950684
B0002E3DNK,0.41719999999999996,10,0.8,0.2,4.5,2.6045586406962284
B0002E3FCO,0.2996285714285714,7,0.7142857142857143,0.2857142857142857,3.5714285714285716,2.1173169143330766
B0002E3MRW,0.14223999999999998,5,0.6,0.4,3.4,1.4650642353916286
B0002E4Z8M,0.8483666666666667,6,1.0,0.0,5.0,4.391407652990744
B0002E51ZS,0.7235142857142857,7,0.8571428571428571,0.14285714285714285,4.428571428571429,3.873992066781126
B0002E5266,0.5879857142857142,7,0.8571428571428571,0.14285714285714285,4.428571428571429,3.3123320111301875
B0002E528E,0.6323833333333333,6,0.8333333333333334,0.0,4.833333333333333,3.496325459317585
B0002E52RU,0.8913,7,1.0,0.0,5.0,4.569332780770824
B0002E54FK,0.6087666666666667,6,1.0,0.0,4.333333333333333,3.3984528249758252
B0002E54ZU,0.8490285714285715,7,1.0,0.0,4.857142857142857,4.394150731158605
B0002E5518,0.7442666666666667,9,0.8888888888888888,0.1111111111111111,4.888888888888889,3.959994474374914
B0002F4MKC,0.6288428571428571,7,0.8571428571428571,0.14285714285714285,4.857142857142857,3.4816529512758274
B0002F4VBM,0.84531875,16,0.9375,0.0,4.5,4.378776419394944
B0002F519I,0.7693111111111111,9,1.0,0.0,4.555555555555555,4.063784132246627
B0002F52EW,0.7300166666666668,6,1.0,0.0,4.833333333333333,3.900939356264678
B0002F58TG,0.80921875,16,0.9375,0.0625,4.625,4.229170120182346
B0002F6RSM,0.8264,6,1.0,0.0,4.333333333333333,4.300372979693328
B0002F73YY,0.42812500000000003,8,0.75,0.25,4.375,2.64983423124741
B0002F741Q,0.45355,8,0.75,0.25,4.625,2.7552009946125153
B0002F75K6,0.88864,10,1.0,0.0,4.3,4.5583091587235804
B0002F77B8,0.952788888888889,9,1.0,0.0,4.777777777777778,4.824156191002441
B0002F7IIK,0.7270857142857143,21,0.9047619047619048,0.047619047619047616,4.809523809523809,3.8887928482623884
B0002F7IN0,0.7824833333333333,18,1.0,0.0,4.722222222222222,4.118372703412073
B0002F7K7Y,0.7235181034482758,116,0.9310344827586207,0.034482758620689655,4.620689655172414,3.8740078883061577
B0002FO9QY,0.69468,10,0.9,0.1,4.7,3.7544964774140075
B0002FOBJY,0.6188142857142858,7,1.0,0.0,4.714285714285714,3.4400923568764434
B0002GIRP2,0.8252615384615385,13,0.9230769230769231,0.07692307692307693,4.923076923076923,4.2956549459657625
B0002GIW3Y,0.90858,5,1.0,0.0,4.6,4.640944881889764
B0002GJ3E6,0.6509400000000001,5,1.0,0.0,4.4,3.5732283464566934
B0002GJ3ZA,0.5199333333333334,6,1.0,0.0,4.5,3.0303080535985636
B0002GJ6FC,0.5333,20,0.8,0.05,4.05,3.0857024450891006
B0002GJILE,0.8404125,8,1.0,0.0,4.75,4.35844384583506
B0002GL7ZO,0.7876000000000001,7,1.0,0.0,4.714285714285714,4.139577289680895
B0002GLCRC,0.6549567567567568,37,0.8648648648648649,0.13513513513513514,4.8108108108108105,3.5898746653823324
B0002GLDQM,0.5445925373134329,67,0.8208955223880597,0.08955223880597014,4.373134328358209,3.1325011906897346
B0002GMGYA,0.5701310344827586,58,0.8620689655172413,0.08620689655172414,4.362068965517241,3.2383383111593806
B0002GML4U,0.5442857142857143,7,0.8571428571428571,0.14285714285714285,4.857142857142857,3.131229648925463
B0002GOJZO,0.6508727272727273,11,0.8181818181818182,0.09090909090909091,4.636363636363637,3.5729495535546096
B0002GOK08,0.8303799999999999,5,1.0,0.0,4.8,4.316866970576045
B0002GTZR6,0.7216583333333334,12,0.9166666666666666,0.0,4.583333333333333,3.8663005940046973
B0002GW3Y8,0.7839307692307693,13,1.0,0.0,4.615384615384615,4.124371194491377
B0002GWFEQ,0.6179212121212121,33,0.9090909090909091,0.06060606060606061,4.787878787878788,3.436391264489068
B0002GWXKC,0.64262,5,1.0,0.0,4.6,3.5387484459179444
B0002GX5NG,0.5645454545454546,11,0.8181818181818182,0.09090909090909091,3.909090909090909,3.2151904456918965
B0002GX6V2,0.4501875,8,0.75,0.25,3.625,2.741266058847907
B0002GXF8Q,0.5260060606060606,33,0.8787878787878788,0.12121212121212122,4.575757575757576,3.055474764219066
B0002GXPRM,0.5422294117647058,17,0.8235294117647058,0.058823529411764705,4.352941176470588,3.122707881329075
B0002GXRF2,0.93072,5,1.0,0.0,4.8,4.732697886448404
B0002GXV2Q,0.6755625,16,0.9375,0.0,4.4375,3.675269374222959
B0002GXV3A,0.7620857142857143,7,1.0,0.0,4.0,4.033840506778757
B0002GXZK4,0.9112545454545454,22,1.0,0.0,4.590909090909091,4.652028783483404
B0002GYW4C,0.6837342857142857,35,0.9428571428571428,0.0,4.457142857142857,3.709135042330235
B0002GYYD6,0.6133125,8,0.75,0.125,4.25,3.417291753004559
B0002GYYDQ,0.7406833333333332,6,1.0,0.0,3.8333333333333335,3.9451443569553803
B0002GZ052,0.21507142857142855,7,0.5714285714285714,0.2857142857142857,4.571428571428571,1.7668936119827126
B0002GZBLU,0.7326666666666667,15,1.0,0.0,4.866666666666666,3.9119215361237742
B0002GZBNS,0.6819714285714286,7,1.0,0.0,4.428571428571429,3.701829376591084
B0002GZBO2,0.36550000000000005,5,0.6,0.2,3.8,2.390302527973477
B0002GZLZQ,0.6407818181818181,11,0.9090909090909091,0.09090909090909091,4.545454545454546,3.5311306182420976
B0002GZM00,0.6374323529411764,34,0.9411764705882353,0.058823529411764705,4.735294117647059,3.5172497013724673
B0002GZQ1U,0.6456000000000001,5,0.8,0.2,4.8,3.55109821798591
B0002GZTT4,0.5170125,8,0.875,0.125,4.5,3.0182034811438045
B0002H02IG,0.6181833333333333,18,0.8888888888888888,0.1111111111111111,4.444444444444445,3.4374775521480867
B0002H03YY,0.6953,6,1.0,0.0,4.666666666666667,3.7570658930791545
B0002H04NE,0.7558533333333333,15,0.9333333333333333,0.06666666666666667,4.4,4.008012156375189
B0002H0A3S,0.7199413043478261,92,0.9130434782608695,0.07608695652173914,4.6521739130434785,3.859184850177481
B0002H0FMO,0.5779333333333333,12,0.8333333333333334,0.16666666666666666,4.666666666666667,3.2706727448542616
B0002H0H4A,0.6444,7,0.8571428571428571,0.14285714285714285,4.0,3.5461251554082054
B0002H0JZC,0.6807875,8,0.875,0.125,4.375,3.6969229175300455
B0002H0KG0,0.95465,6,1.0,0.0,4.666666666666667,4.831869042685454
B0002H0LQO,0.77846,10,1.0,0.0,4.8,4.101699129714049
B0002H0N76,0.5826125,8,0.875,0.125,4.5,3.2900642353916285
B0002H0SKS,0.6403800000000001,5,0.8,0.2,3.2,3.529465395772897
B0002HLL8G,0.8666555555555555,9,1.0,0.0,4.777777777777778,4.4672008104250125
B0002IAJ56,0.5466500000000001,18,0.8888888888888888,0.05555555555555555,4.611111111111111,3.1410277662660593
B0002IHFVM,0.5080469387755102,49,0.7959183673469388,0.16326530612244897,4.204081632653061,2.98104823363245
B0002IHGZC,0.8825125,8,1.0,0.0,4.875,4.532915457936179
B0002IHP0S,0.7454153846153846,13,1.0,0.0,4.846153846153846,3.9647550129108353
B0002II6V0,0.4052071428571429,14,0.6428571428571429,0.14285714285714285,4.071428571428571,2.5548576164821504
B0002KYXTM,0.3777928571428571,14,0.7142857142857143,0.2857142857142857,3.2142857142857144,2.4412468178319813
B0002KZAKS,0.74785,24,0.9583333333333334,0.041666666666666664,4.75,3.974844591794447
B0002KZDN2,0.34982857142857143,7,0.7142857142857143,0.2857142857142857,4.714285714285714,2.325356698833698
B0002KZE7C,0.221032,25,0.56,0.32,4.52,1.79159552424368
B0002KZEAE,0.44454166666666667,12,0.75,0.16666666666666666,4.5,2.717868490122945
B0002KZEMC,0.5524181818181818,11,0.8181818181818182,0.09090909090909091,4.0,3.1649323738838864
B0002KZFYE,0.5817571428571429,7,1.0,0.0,4.857142857142857,3.2865194482268665
B0002KZHQA,0.6902499999999999,6,1.0,0.0,4.833333333333333,3.7361375880646497
B0002KZISM,0.39117500000000005,8,0.75,0.25,4.375,2.4967053460422712
B0002KZIV4,0.5704125,8,0.875,0.125,4.375,3.239504765851637
B0002KZIVY,0.57896,15,0.8666666666666667,0.13333333333333333,4.2,3.274927476170742
B0002KZQ34,0.9250375,8,1.0,0.0,4.625,4.7091483630335675
B0002M3OVI,0.5893608695652174,23,0.8260869565217391,0.13043478260869565,4.478260869565218,3.318030955512712
B0002M6B2M,0.6904411764705882,17,1.0,0.0,4.352941176470588,3.7369298651909997
B0002M6CVC,0.7963044444444445,45,1.0,0.0,4.777777777777778,4.175650412119538
B0002M6CW6,0.7173692307692308,26,0.9230769230769231,0.07692307692307693,4.653846153846154,3.8485256144601356
B0002M728Y,0.3647,9,0.6666666666666666,0.3333333333333333,4.555555555555555,2.3869871529216744
B0002M72JS,0.7334,6,1.0,0.0,4.5,3.9149606299212603
B0002MDTVS,0.46153333333333335,9,0.7777777777777778,0.2222222222222222,4.444444444444445,2.7882856748169638
B0002MJTZ8,0.48246,5,0.8,0.2,4.8,2.8750103605470367
B0002MSQVQ,0.7832,10,0.9,0.1,4.6,4.12134272689598
B0002OOMU8,0.4492311111111111,45,0.8,0.15555555555555556,4.4222222222222225,2.7373025740203527
B0002OOMW6,0.7745388888888889,18,0.9444444444444444,0.05555555555555555,4.555555555555555,4.085449187272643
B0002OP7VQ,0.95382,5,1.0,0.0,4.2,4.828429341069208
B0002OS9FC,0.8575333333333334,6,1.0,0.0,5.0,4.429396325459318
B0002PBS5Y,0.5192833333333333,6,0.8333333333333334,0.16666666666666666,4.333333333333333,3.0276143113689735
B0002PBS68,0.710442857142857,7,0.8571428571428571,0.0,4.857142857142857,3.819821206559706
B0002PBS6I,0.8383250000000001,12,1.0,0.0,4.916666666666667,4.349792789059262
B0002PBS6S,0.7325454545454545,11,1.0,0.0,4.636363636363637,3.9114192065704705
B0002T67J2,0.6173454545454545,11,0.9090909090909091,0.09090909090909091,4.7272727272727275,3.4340051991108766
B0002Y6BJI,0.6886333333333333,9,1.0,0.0,4.666666666666667,3.729437767647465
B0002Z2CZY,0.37992,10,0.7,0.2,4.1,2.450062163282221
B0002Z2D08,0.6185999999999999,7,0.8571428571428571,0.14285714285714285,3.2857142857142856,3.439204309987567
B0002Z2D0I,0.63608,10,0.9,0.1,3.9,3.5116452548694572
B0002ZO3LK,0.7394142857142858,7,0.8571428571428571,0.14285714285714285,3.857142857142857,3.9398851459357056
B0002ZO60I,0.11152857142857142,7,0.5714285714285714,0.42857142857142855,4.857142857142857,1.3377893552779585
B0002ZPK0S,0.1015142857142857,7,0.42857142857142855,0.2857142857142857,4.428571428571429,1.2962879640044993
B0002ZPK5I,0.06085000000000001,12,0.5,0.4166666666666667,4.583333333333333,1.1277662660588479
B00062GRXQ,0.6651833333333333,6,0.8333333333333334,0.0,4.333333333333333,3.6322558364414976
B00063678K,0.6150416666666667,24,0.8333333333333334,0.08333333333333333,4.791666666666667,3.4244577980384032
B00064TZYW,0.6340875,8,0.875,0.125,4.25,3.503387898881061
B0006GR4L6,0.78288,10,1.0,0.0,4.5,4.120016576875259
B0006H92QK,0.8313333333333334,12,1.0,0.0,4.75,4.320817792512778
B0006IQNCK,0.92824,5,1.0,0.0,4.6,4.7224202237878155
B0006M59M6,0.4482,6,0.8333333333333334,0.16666666666666666,3.8333333333333335,2.7330294239535844
B0006NDF6C,0.6984666666666667,9,0.8888888888888888,0.0,4.555555555555555,3.770189252659207
B0006NDF8A,0.5461225352112676,71,0.8591549295774648,0.056338028169014086,4.492957746478873,3.1388418367644744
B0006OHVK2,0.8041727272727273,11,1.0,0.0,4.636363636363637,4.208258297856308
B0006VMBHI,0.6919833333333333,6,0.8333333333333334,0.16666666666666666,4.166666666666667,3.743320900676889
B0006ZXFWO,0.37046250000000003,16,0.6875,0.3125,3.625,2.410868213841691
B0006ZXFZQ,0.6011200000000001,5,0.8,0.0,5.0,3.366763365105678
B0006ZXG00,0.5998833333333333,6,0.8333333333333334,0.16666666666666666,4.5,3.3616383478380993
B00074B67A,0.8309,5,1.0,0.0,4.6,4.319021964359718
B00074WFO8,0.73588,5,1.0,0.0,4.8,3.9252382925818483
B0007GGUGA,0.8382388888888889,18,0.9444444444444444,0.05555555555555555,4.722222222222222,4.349435925772436
B0007L8BQW,0.39192857142857146,7,0.5714285714285714,0.42857142857142855,2.857142857142857,2.4998283109348174
B0007NQH98,0.8600111111111111,9,1.0,0.0,4.888888888888889,4.439664778744762
B0007OGTGS,0.558725,8,0.875,0.125,4.875,3.1910692084542065
B0007ORM0K,0.6203571428571429,7,0.8571428571428571,0.14285714285714285,5.0,3.446486294476349
B0007SL86A,0.7386833333333334,6,0.8333333333333334,0.0,4.833333333333333,3.9368559193258736
B0007WPCKE,0.65772,5,1.0,0.0,5.0,3.601326150020721
B0007WQZGY,0.75978,5,1.0,0.0,4.6,4.0242851222544544
B0007XWUQ2,0.66474,5,0.8,0.0,5.0,3.63041856610029
B0007Y3XGW,0.56765,6,0.8333333333333334,0.16666666666666666,5.0,3.228056361375881
B0008G26JO,0.9079571428571428,7,1.0,0.0,4.714285714285714,4.638363625599431
B00095VIMU,0.2354375,8,0.625,0.375,4.625,1.8512950683796103
B000960KNW,0.4163764705882353,17,0.7058823529411765,0.23529411764705882,4.764705882352941,2.6011457546134906
B000978D58,0.6608333333333333,57,0.9122807017543859,0.05263157894736842,4.473684210526316,3.61422848459732
B0009DXEEM,0.7148230769230769,13,0.9230769230769231,0.07692307692307693,4.153846153846154,3.8379737957856483
B0009EQMZE,0.6541,6,1.0,0.0,3.1666666666666665,3.5863240779113137
B0009EQOES,0.7191333333333333,6,1.0,0.0,5.0,3.8558364414974444
B0009EU01G,0.7129833333333333,6,1.0,0.0,5.0,3.830349495786711
B0009FUUO2,0.09222,5,0.6,0.4,4.2,1.2577704102776626
B0009G1E0K,0.5589869565217391,69,0.8405797101449275,0.11594202898550725,4.492753623188406,3.192154813600245
B0009G1KEU,0.888525,12,1.0,0.0,4.833333333333333,4.5578325735598835
B0009H00WW,0.9393,7,1.0,0.0,4.857142857142857,4.768255283878989
B0009IEB0I,0.87346,5,1.0,0.0,5.0,4.495399917115623
B0009K9MUA,0.797823076923077,13,1.0,0.0,4.846153846153846,4.181943957410182
B0009RHAT8,0.70348,5,1.0,0.0,4.0,3.7909656029838374
B0009RLE5Y,0.7573375,8,1.0,0.0,4.625,4.01416286779942
B000A1HU1G,0.8001400000000001,5,1.0,0.0,4.8,4.1915457936179035
B000A2HDXA,0.37030909090909087,11,0.7272727272727273,0.2727272727272727,3.5454545454545454,2.410232453000791
B000A2HOB6,0.69815,10,0.9,0.1,3.9,3.768876916701202
B000A6ASSS,0.8207363636363637,22,1.0,0.0,4.7727272727272725,4.276901631315225
B000A6GTDG,0.71792,5,0.8,0.2,4.0,3.850808122668877
B000A6GY1I,0.68345,6,0.8333333333333334,0.0,4.666666666666667,3.7079569001243264
B000AAGM0M,0.67652,15,0.9333333333333333,0.06666666666666667,4.466666666666667,3.6792374637380854
B000AC6DVS,0.69925,8,1.0,0.0,4.25,3.7734355573974305
B000AKSUP2,0.9235000000000001,9,1.0,0.0,4.555555555555555,4.702776626605885
B000ARH3M6,0.808075,8,1.0,0.0,4.875,4.224430169912971
B000B6DHAS,0.7360333333333333,9,0.8888888888888888,0.1111111111111111,4.777777777777778,3.9258737394667773
B000B6DHB2,0.7472423076923077,26,0.9230769230769231,0.07692307692307693,4.423076923076923,3.9723261818993274
B000B6FBA2,0.6204928571428571,28,0.8928571428571429,0.07142857142857142,4.5,3.447048724172636
B000BBRZ3S,0.4897500000000001,6,0.8333333333333334,0.16666666666666666,4.0,2.9052217157065896
B000BKY8CU,0.7172363636363636,11,1.0,0.0,4.2727272727272725,3.8479749839882453
B000BNSYHW,0.7691125,8,1.0,0.0,4.625,4.062961044343141
B000BQTCDO,0.6089714285714286,7,0.8571428571428571,0.14285714285714285,3.857142857142857,3.3993014031140847
B000BU5V58,0.8123777777777778,9,1.0,0.0,4.777777777777778,4.24226182253534
B000BUDO48,0.4882416666666667,12,0.8333333333333334,0.16666666666666666,4.5,2.8989708523276696
B000BUGNNM,0.8619899999999999,10,1.0,0.0,4.8,4.447865727310401
B000BW2D84,0.6977333333333333,6,1.0,0.0,4.666666666666667,3.767150158861721
B000BWEM42,0.5478999999999999,6,0.8333333333333334,0.16666666666666666,3.8333333333333335,3.1462080397845003
B000BYPJ1U,0.4756125,8,0.75,0.25,4.25,2.846632822213013
B000CBE3G4,0.63825,12,0.8333333333333334,0.16666666666666666,4.166666666666667,3.5206382096974718
B000CBE3GE,0.94948,5,1.0,0.0,4.8,4.810443431413178
B000CBXZXG,0.5035000000000001,5,0.8,0.2,4.2,2.962204724409449
B000CCIVCA,0.10976363636363637,11,0.6363636363636364,0.36363636363636365,4.545454545454546,1.3304750781750367
B000CCJP4I,0.6558333333333334,15,0.8666666666666667,0.06666666666666667,4.266666666666667,3.5935073905235533
B000CCMWVG,0.5717,7,0.8571428571428571,0.14285714285714285,4.285714285714286,3.244840447575632
B000CD1R7K,0.6694333333333333,15,0.9333333333333333,0.06666666666666667,4.6,3.6498687664041993
B000CD1R84,0.5913333333333334,12,0.8333333333333334,0.08333333333333333,4.333333333333333,3.3262052769719577
B000CD3QY2,0.7909444444444444,9,0.8888888888888888,0.0,4.666666666666667,4.153437399272459
B000CDT4VQ,0.7421833333333333,6,1.0,0.0,4.5,3.9513606851775105
B000CHJTG2,0.56166,5,0.8,0.2,3.4,3.203232490675508
B000CZ0RHY,0.6743666666666667,6,1.0,0.0,4.333333333333333,3.6703135792236496
B000CZ0RLK,0.85921,10,1.0,0.0,4.7,4.436344799005387
B000CZ0RLU,0.75722,5,1.0,0.0,4.8,4.013675922088686
B000E0PPG0,0.6001666666666667,9,0.8888888888888888,0.1111111111111111,4.444444444444445,3.362812543168946
B000EE8YPK,0.3893666666666667,12,0.8333333333333334,0.16666666666666666,4.0,2.489211217018925
B000EEEYCW,0.650875,12,0.9166666666666666,0.08333333333333333,4.25,3.572958972233734
B000EEGAJW,0.53989,10,0.8,0.0,4.8,3.1130128470783256
B000EEHCUS,0.42865,4,1.0,0.0,4.75,2.652009946125155
B000EEHD4I,0.722,5,1.0,0.0,4.4,3.867716535433071
B000EEHDIE,0.5921500000000001,6,0.8333333333333334,0.16666666666666666,4.833333333333333,3.3295897223373396
B000EEHJS8,0.8276166666666667,6,1.0,0.0,4.833333333333333,4.305415112584611
B000EEHKVY,0.7382363636363636,11,1.0,0.0,4.818181818181818,3.935003579098067
B000EEHMXA,0.791725,8,1.0,0.0,4.625,4.156672192291753
B000EEHN9S,0.57286,5,0.8,0.2,5.0,3.249647741400746
B000EEJ8IM,0.6019076923076923,13,0.8461538461538461,0.15384615384615385,4.3076923076923075,3.3700277343874525
B000EEJAFS,0.4698,6,0.6666666666666666,0.16666666666666666,4.666666666666667,2.8225445503522586
B000EEJAWQ,0.6261,8,0.875,0.125,4.375,3.470285951098218
B000EEJE4K,0.44001999999999997,5,0.8,0.2,3.8,2.6991297140489015
B000EEJF4O,0.8346999999999999,11,1.0,0.0,4.909090909090909,4.334769995855781
B000EEJJ5Y,0.92934,5,1.0,0.0,4.8,4.726978864484045
B000EEJJI6,0.554325,8,0.875,0.125,4.25,3.1728346456692913
B000EEK4VM,0.6509615384615385,13,0.8461538461538461,0.15384615384615385,3.769230769230769,3.5733176065542414
B000EEL50Q,0.64408,5,1.0,0.0,4.6,3.5447990053874845
B000EEL6J6,0.4838181818181818,11,0.7272727272727273,0.2727272727272727,4.636363636363637,2.880638963191802
B000EEL8US,0.8610833333333333,6,1.0,0.0,4.833333333333333,4.444108302251692
B000EELB8W,0.6923787878787879,33,0.8787878787878788,0.06060606060606061,4.787878787878788,3.744959750844542
B000EELBQ4,0.516125,8,0.875,0.125,4.375,3.0145254869457103
B000EELFI8,0.7091785714285714,14,0.8571428571428571,0.14285714285714285,4.214285714285714,3.8145817299153397
B000EELFTW,0.6663923076923077,13,0.9230769230769231,0.07692307692307693,4.3076923076923075,3.6372660907265137
B000EEN9OG,0.9094200000000001,10,1.0,0.0,4.4,4.644426025694157
B000EENH5W,0.0752166666666667,6,0.6666666666666666,0.3333333333333333,3.6666666666666665,1.1873048763641387
B000EPVXWU,0.5319200000000001,5,0.8,0.2,5.0,3.0799834231247414
B000EXIMFI,0.7807000000000001,5,1.0,0.0,4.4,4.110982179859096
B000F3JO7M,0.1947375,8,0.625,0.375,4.625,1.682625362619146
B000FIZISQ,0.8473375,8,1.0,0.0,4.375,4.387142561127227
B000FZ1KF4,0.3674833333333334,6,0.6666666666666666,0.16666666666666666,4.166666666666667,2.3985218952894045
B000GUR8V8,0.5884636363636363,11,0.9090909090909091,0.0,4.818181818181818,3.3143126247974983
B000H2BC4E,0.5877666666666667,6,0.8333333333333334,0.0,3.8333333333333335,3.3114242298660037
B000HVXMNE,0.7457166666666667,6,0.8333333333333334,0.16666666666666666,4.666666666666667,3.9660035916563063
B000IO8XFM,0.6039428571428571,7,0.8571428571428571,0.14285714285714285,4.571428571428571,3.3784619027884673
B000J3L02U,0.451775,4,0.75,0.25,4.75,2.747845006216328
B000J5UEGQ,0.5885777777777778,9,0.8888888888888888,0.1111111111111111,4.222222222222222,3.314785651793526
B000J5XS3C,0.5375263157894736,19,0.8421052631578947,0.15789473684210525,4.684210526315789,3.103217222500927
B000J5Y214,0.6743777777777777,9,0.7777777777777778,0.2222222222222222,4.0,3.670359626099369
B000J5Y282,0.9190999999999999,5,1.0,0.0,4.8,4.684542063820969
B000JRPYGE,0.9208999999999999,10,1.0,0.0,4.3,4.692001657687525
B000K69V5E,0.9265833333333333,6,1.0,0.0,5.0,4.715554634618041
B000K6B4E0,0.6748857142857142,7,1.0,0.0,5.0,3.6724646261322595
B000KGYAYQ,0.59699,10,0.9,0.1,4.7,3.349647741400746
B000KIPD5E,0.4377,8,0.75,0.125,3.5,2.689515126398674
B000KIPT30,0.5331260869565217,23,0.8260869565217391,0.13043478260869565,4.6521739130434785,3.084981711382187
B000KIPTE4,0.7728571428571429,7,1.0,0.0,4.857142857142857,4.078479663726244
B000KIPUQG,0.3877125,8,0.625,0.25,3.75,2.482355988396187
B000KIRT38,0.5889,7,0.8571428571428571,0.14285714285714285,4.428571428571429,3.3161210111893906
B000KIRT6A,0.5501909090909091,11,0.8181818181818182,0.09090909090909091,3.727272727272727,3.1557020683419355
B000KIRT74,0.8087,19,1.0,0.0,4.473684210526316,4.227020306672192
B000KITQKM,0.8046142857142857,7,1.0,0.0,4.571428571428571,4.210088212657628
B000KUCQXY,0.8376857142857143,7,1.0,0.0,4.428571428571429,4.347143449174116
B000KW2YEI,0.7793,17,1.0,0.0,4.588235294117647,4.1051802735184415
B000KY156E,0.91524,5,1.0,0.0,4.4,4.668545379196021
B000L3FPUG,0.8683799999999999,5,1.0,0.0,5.0,4.474347285536676
B000L6GD04,0.7333621621621621,37,0.972972972972973,0.02702702702702703,4.864864864864865,3.9148038216417826
B000L7MNUM,0.5663374999999999,8,0.75,0.25,3.75,3.2226170741815165
B000LAT0AK,0.9690799999999999,5,1.0,0.0,5.0,4.891670120182345
B000LFCXL8,0.5104142857142857,7,0.8571428571428571,0.14285714285714285,4.571428571428571,2.9908590373571724
B000LPSNRQ,0.885225,8,1.0,0.0,4.125,4.544156651471198
B000LPUV8K,0.8516999999999999,5,1.0,0.0,4.8,4.405221715706588
B000LQLDM2,0.6169954545454546,22,0.8636363636363636,0.09090909090909091,4.7272727272727275,3.432554722525713
B000M23OQ8,0.6607222222222222,9,1.0,0.0,4.666666666666667,3.613768015840125
B000MFK1ZW,0.7615999999999999,5,1.0,0.0,4.6,4.031827600497306
B000MFN8B6,0.5984,10,0.9,0.1,4.3,3.3554910899295485
B000MO2QJM,0.57484,5,0.8,0.2,5.0,3.257853294653958
B000MVYOZY,0.8138866666666666,15,1.0,0.0,4.8,4.248514988258046
B000MWWT6E,0.61014,5,0.8,0.2,4.4,3.4041442188147535
B000N4WHYK,0.56018,5,0.8,0.2,4.8,3.1970990468296727
B000N5MK8M,0.8294,6,1.0,0.0,4.166666666666667,4.312805636137588
B000N5YEDG,0.8030875,8,1.0,0.0,4.125,4.203760878574388
B000NE4UN6,0.7689600000000001,5,1.0,0.0,4.2,4.062329050973892
B000NGVQKO,0.666775,8,1.0,0.0,4.5,3.638852051388313
B000NJ2TIE,0.6576931034482759,29,0.8620689655172413,0.06896551724137931,4.620689655172414,3.601214684825014
B000OMG0KI,0.66638125,16,0.9375,0.0,4.625,3.6372202652300043
B000OR2QX8,0.7992333333333334,6,0.8333333333333334,0.16666666666666666,4.666666666666667,4.187788368559193
B000OR5928,0.7254125,8,1.0,0.0,5.0,3.881858682138417
B000OR88JE,0.563475,8,0.75,0.125,4.5,3.2107542478242848
B000OY4WA6,0.8590166666666667,6,1.0,0.0,4.833333333333333,4.435543583367868
B000OY4WDI,0.7031499999999999,6,0.8333333333333334,0.16666666666666666,3.1666666666666665,3.7895980107749687
B000OY707S,0.66645,8,1.0,0.0,4.125,3.6375051802735183
B000P5LVSK,0.7414,14,0.9285714285714286,0.07142857142857142,4.785714285714286,3.948114380439287
B000P5NXWM,0.5839,5,1.0,0.0,4.2,3.2953999171156236
B000P5OUCE,0.6309461538461538,13,0.9230769230769231,0.0,4.6923076923076925,3.490369473046638
B000P5OULA,0.7546111111111111,9,1.0,0.0,4.333333333333333,4.002864115669752
B000P5RVRU,0.9029999999999999,5,1.0,0.0,4.4,4.617820140903439
B000PAPO9W,0.6945444444444444,9,1.0,0.0,3.7777777777777777,3.7539347055302295
B000PO30QM,0.6197704545454545,44,0.9545454545454546,0.022727272727272728,4.4772727272727275,3.444054929736654
B000PR3JEM,0.83058,5,1.0,0.0,4.8,4.317695814338997
B000Q87DAQ,0.9831,5,1.0,0.0,4.6,4.949772067965188
B000QGCJU2,0.5612199999999999,10,0.8,0.1,4.1,3.201409034397016
B000RKAFIU,0.5719,5,1.0,0.0,4.8,3.2456692913385825
B000RKL8R2,0.8183583333333333,12,0.9166666666666666,0.0,5.0,4.267046553391352
B000RKVH0K,0.732775,8,0.875,0.125,4.875,3.912370493162039
B000RMQM4E,0.4321333333333333,6,0.8333333333333334,0.16666666666666666,4.833333333333333,2.666445641663213
B000RN53LQ,0.34872,5,0.6,0.4,3.4,2.3207625362619146
B000RNB720,0.6449553191489361,47,0.8723404255319149,0.06382978723404255,4.723404255319149,3.5484265194734195
B000RPUMII,0.73845,8,1.0,0.0,4.25,3.9358889349357646
B000RVWY42,0.6084499999999999,6,1.0,0.0,4.333333333333333,3.39714048901782
B000RVYPQ2,0.61426,5,0.8,0.0,4.4,3.421218400331538
B000RW0GT6,0.7714375,8,0.875,0.125,4.375,4.072596353087443
B000RW0O02,0.9219799999999999,5,1.0,0.0,4.6,4.696477414007459
B000RW2DUQ,0.56371,10,0.8,0.2,4.4,3.211728139245752
B000RWJQRE,0.8999600000000001,5,1.0,0.0,5.0,4.605221715706589
B000RXN6SS,0.7669111111111111,9,1.0,0.0,4.555555555555555,4.053838007091219
B000RXPN02,0.5512545454545454,11,0.8181818181818182,0.09090909090909091,4.636363636363637,3.1601100101721733
B000RY68PA,0.5983777777777778,9,1.0,0.0,5.0,3.3553989961781094
B000RYE5Y6,0.5982000000000001,8,0.875,0.125,4.875,3.354662246166598
B000RYPN38,0.8402571428571429,7,1.0,0.0,4.857142857142857,4.3578000118406255
B000S5V510,0.81006,5,1.0,0.0,5.0,4.232656444260257
B000SAC5PA,0.6289,7,0.8571428571428571,0.14285714285714285,4.285714285714286,3.4818897637795274
B000SJJCX4,0.7394142857142858,14,1.0,0.0,4.357142857142857,3.9398851459357056
B000SL0NCQ,0.4532,5,0.6,0.0,4.0,2.753750518027352
B000SZVYLQ,0.9241199999999999,5,1.0,0.0,5.0,4.705346042271032
B000T4PJC6,0.8062666666666667,6,1.0,0.0,4.5,4.2169360408896255
B000T4SI1K,0.782,7,1.0,0.0,4.857142857142857,4.116369664318276
B000T517Y4,0.8853166666666666,6,1.0,0.0,4.333333333333333,4.544536538195883
B000T9NKEU,0.83446,5,1.0,0.0,3.2,4.33377538334024
B000T9PE9E,0.6687,6,0.8333333333333334,0.0,4.333333333333333,3.6468296726067133
B000TGHVGQ,0.5179199999999999,5,0.8,0.2,4.0,3.0219643597181927
B000TGSM6E,0.4477555555555555,9,0.7777777777777778,0.0,4.0,2.731187548924805
B000U0DU34,0.8126,7,1.0,0.0,5.0,4.243182760049731
B000UF3SEA,0.8547888888888889,9,1.0,0.0,4.444444444444445,4.418022747156606
B000UJCTVE,0.6720214285714287,14,0.8571428571428571,0.07142857142857142,4.642857142857143,3.660594399384288
B000UJFR4A,0.6681,13,0.9230769230769231,0.0,4.615384615384615,3.6443431413178615
B000UJHHLQ,0.5511142857142858,7,0.8571428571428571,0.14285714285714285,4.571428571428571,3.159528743117637
B000ULAP4U,0.6415692307692308,26,0.9230769230769231,0.07692307692307693,4.538461538461538,3.534393828301827
B000UMFQHA,0.83392,5,1.0,0.0,4.2,4.331537505180274
B000V4YFLA,0.6699833333333333,6,0.8333333333333334,0.16666666666666666,4.0,3.6521480867523137
B000V8GA46,0.29488000000000003,5,0.8,0.2,4.2,2.0976377952755905
B000VBC5CY,0.78845,6,1.0,0.0,5.0,4.143099875673435
B000VBH2IG,0.8506941176470588,17,0.9411764705882353,0.058823529411764705,4.411764705882353,4.401053119134102
B000VJ2VCK,0.6565,6,0.8333333333333334,0.16666666666666666,4.333333333333333,3.5962702030667217
B000VJJQUU,0.5468034482758621,29,0.8620689655172413,0.10344827586206896,4.172413793103448,3.141663689497978
B000VJZOLK,0.6882833333333332,6,0.8333333333333334,0.16666666666666666,5.0,3.727987291062301
B000VOBU9U,0.5569625,8,0.875,0.125,4.25,3.1837650227932035
B000VTPQWW,0.7080833333333333,6,1.0,0.0,4.666666666666667,3.810042823594419
B000VTPR08,0.9070125,8,1.0,0.0,4.875,4.634448818897638
B000VUNEZM,0.6724,8,1.0,0.0,4.25,3.662163282221301
B000VZYS66,0.73595,8,0.875,0.125,5.0,3.925528387898881
B000W00X1Y,0.6994428571428571,7,0.8571428571428571,0.14285714285714285,4.714285714285714,3.774234799597419
B000WF1AMU,0.7825571428571428,7,1.0,0.0,4.714285714285714,4.118678586229352
B000WGJ71U,0.5440833333333334,6,0.6666666666666666,0.16666666666666666,4.333333333333333,3.1303909379748585
B000WN4J9S,0.46589375,16,0.8125,0.125,4.75,2.806356195607128
B000WS1QC6,0.45198333333333335,6,0.8333333333333334,0.16666666666666666,4.833333333333333,2.7487083851360685
B000WYCS7M,0.8080399999999999,5,1.0,0.0,4.6,4.224285122254455
B000X31R2E,0.4179777777777778,9,0.8888888888888888,0.1111111111111111,4.555555555555555,2.6077819219965925
B000XPO0IU,0.7490615384615384,13,0.9230769230769231,0.0,4.384615384615385,3.979865472281552
B000XPPR2S,0.8609142857142856,7,1.0,0.0,4.285714285714286,4.443407731928246
B000XPPURU,0.8013600000000001,15,0.9333333333333333,0.06666666666666667,4.266666666666667,4.196601740571902
B000XPQ1YG,0.4938,6,0.8333333333333334,0.16666666666666666,4.0,2.922005801906341
B000XPRQIG,0.4810833333333333,6,0.8333333333333334,0.16666666666666666,4.666666666666667,2.869305152645393
B000XPRSTI,0.8076833333333333,6,1.0,0.0,4.833333333333333,4.222807017543859
B000XUUXB8,0.5952142857142857,7,1.0,0.0,4.857142857142857,3.3422887928482625
B000XXBHA6,0.60723,10,0.8,0.1,4.2,3.392084542063821
B000Y30NAA,0.5813222222222222,9,0.8888888888888888,0.1111111111111111,3.888888888888889,3.2847170419487037
B000Y35C8S,0.7215,13,0.9230769230769231,0.07692307692307693,4.384615384615385,3.8656444260256944
B000Y60NFC,0.7343,5,0.8,0.2,4.8,3.9186904268545377
B000Y7Q2C4,0.88828,5,1.0,0.0,4.6,4.556817239950269
B000ZJTPLG,0.5528714285714286,7,0.7142857142857143,0.14285714285714285,3.142857142857143,3.1668107276064177
B0010CAEFS,0.7431,15,0.9333333333333333,0.06666666666666667,4.066666666666666,3.955159552424368
B0010CHS8E,0.81296,5,1.0,0.0,5.0,4.244674678823042
B0010CZ8GS,0.56219,10,0.9,0.1,4.8,3.205428926647327
B0010GNU9Q,0.5620428571428572,7,0.8571428571428571,0.0,4.285714285714286,3.204819134450299
B0010KCP98,0.65816,5,1.0,0.0,3.4,3.6031496062992123
B0010SHU18,0.44005789473684215,19,0.7894736842105263,0.21052631578947367,4.052631578947368,2.699286758130303
B0011WHG5S,0.6262,6,0.8333333333333334,0.16666666666666666,4.166666666666667,3.4707003729796932
B00135HFK4,0.9197200000000001,5,1.0,0.0,4.8,4.687111479486117
B0013PU75Y,0.6203125,8,0.875,0.125,5.0,3.446301284707833
B0013V1BYY,0.5367500000000001,6,0.8333333333333334,0.0,4.5,3.1
B0014IEBM0,0.7915142857142856,7,0.8571428571428571,0.14285714285714285,3.0,4.155798946184358
B00154OJOI,0.698288,25,0.88,0.12,4.48,3.769448818897638
B0015RIN6U,0.7571592592592593,27,0.9629629629629629,0.037037037037037035,4.962962962962963,4.013424199168086
B0016MJ1T2,0.7368928571428571,14,0.9285714285714286,0.0,4.285714285714286,3.929435794209934
B0016ML1C2,0.6034538461538461,13,0.7692307692307693,0.15384615384615385,4.076923076923077,3.3764353342471867
B0016ZZKJO,0.745752,25,0.96,0.04,4.84,3.966150020721094
B00178JDCK,0.5143375,8,0.875,0.125,4.25,3.007117695814339
B00178LDW8,0.6128571428571429,7,0.8571428571428571,0.14285714285714285,4.714285714285714,3.4154046533656977
B0017HZ47Y,0.75256,5,1.0,0.0,4.0,3.9943638624119355
B00186L9X2,0.7239555555555556,9,0.8888888888888888,0.1111111111111111,4.777777777777778,3.8758207855597
B0018L46WS,0.8058333333333333,6,1.0,0.0,4.666666666666667,4.215140212736565
B0018PZR86,0.40659999999999996,5,0.6,0.4,4.0,2.5606299212598422
B0018SJLFS,0.5874125,8,0.875,0.125,4.125,3.309956485702445
B0018TAITA,0.62075,18,0.9444444444444444,0.05555555555555555,4.722222222222222,3.448114380439287
B0018TC3I4,0.9408500000000001,6,1.0,0.0,4.166666666666667,4.774678823041857
B0018TG8HQ,0.838007142857143,14,1.0,0.0,4.5,4.3484755195074305
B0018TIAA4,0.9025666666666666,6,1.0,0.0,4.5,4.61602431275038
B0018TIADQ,0.6998894736842106,57,0.9122807017543859,0.03508771929824561,4.543859649122807,3.7760856762710757
B0018TIAL8,0.6841,5,1.0,0.0,4.2,3.7106506423539165
B00191WVF6,0.44132400000000005,25,0.76,0.12,4.76,2.7045337753833403
B0019H6750,0.7341599999999999,5,1.0,0.0,4.4,3.918110236220472
B0019QJW2G,0.9128,7,1.0,0.0,4.714285714285714,4.658433485288023
B001AH83UG,0.7547666666666667,15,0.9333333333333333,0.06666666666666667,4.533333333333333,4.003508771929824
B001AS6OYC,0.8257300000000001,10,1.0,0.0,4.8,4.297596353087443
B001BY4RQM,0.81966,5,1.0,0.0,5.0,4.27244094488189
B001C74GLY,0.7299800000000001,5,1.0,0.0,5.0,3.9007874015748034
B001C9R5P6,0.883,5,1.0,0.0,4.8,4.534935764608371
B001CJ2QZU,0.98322,5,1.0,0.0,5.0,4.950269374222959
B001D2TPZU,0.5205142857142857,7,0.8571428571428571,0.0,4.857142857142857,3.032715647386182
B001DW6RJC,0.6073153846153846,13,0.9230769230769231,0.07692307692307693,4.230769230769231,3.3924383945933885
B001E3BSKS,0.56178,5,0.8,0.2,4.8,3.2037297969332776
B001E3SFKO,0.60456,5,1.0,0.0,4.8,3.3810194778284295
B001E43SK0,0.31076,5,0.6,0.4,3.0,2.1634479900538746
B001EC5ECW,0.7236166666666667,6,1.0,0.0,4.5,3.8744163558502556
B001EL6I8W,0.89117,10,1.0,0.0,4.5,4.568794032324907
B001ELP5WM,0.80224,5,1.0,0.0,4.8,4.2002486531288845
B001EW5YQS,0.8555166666666666,6,1.0,0.0,4.166666666666667,4.421038817516231
B001EZIEVW,0.92165,6,1.0,0.0,4.0,4.6951098217985905
B001FB5Z44,0.86185,6,1.0,0.0,4.833333333333333,4.447285536676336
B001FB5Z8K,0.5787833333333333,6,0.6666666666666666,0.16666666666666666,4.333333333333333,3.274195330846802
B001FQ74FW,0.33066,5,0.6,0.2,5.0,2.2459179444674677
B001FSZR4U,0.4308125,16,0.6875,0.25,3.9375,2.6609718193120595
B001G3TJXO,0.7303636363636364,11,0.9090909090909091,0.09090909090909091,4.636363636363637,3.902377274611009
B001GD07SK,0.54605,8,0.875,0.125,2.875,3.138541234977207
B001GGYF4E,0.8984833333333334,6,1.0,0.0,4.333333333333333,4.59910208592347
B001GH4H3W,0.7164714285714285,7,0.8571428571428571,0.14285714285714285,4.714285714285714,3.844804925700077
B001GWCC4I,0.5206222222222222,9,0.6666666666666666,0.1111111111111111,4.555555555555555,3.033162959893171
B001HNE622,0.6326833333333334,6,0.8333333333333334,0.16666666666666666,4.666666666666667,3.4975687249620115
B001I1PWTY,0.8444833333333334,6,1.0,0.0,4.666666666666667,4.375314269926785
B001I8ITQA,0.71225,6,0.8333333333333334,0.0,4.333333333333333,3.8273104019892252
B001IM5KFY,0.7812857142857144,7,1.0,0.0,4.857142857142857,4.113409508022023
B001J1JRN0,0.89915,6,1.0,0.0,5.0,4.601864898466639
B001J1SX94,0.48887777777777774,9,0.7777777777777778,0.2222222222222222,4.444444444444445,2.9016070359626096
B001J5RYXQ,0.9069833333333333,12,1.0,0.0,4.333333333333333,4.634327945848874
B001JI2KHS,0.32495,16,0.8125,0.125,4.4375,2.222254455035226
B001KD2CPC,0.66636,5,0.8,0.2,4.2,3.6371322005801905
B001KXKGBY,0.5950428571428572,7,0.8571428571428571,0.0,4.571428571428571,3.341578355337162
B001L8IJ0I,0.98284,5,1.0,0.0,4.8,4.948694571073353
B001L8IKLG,0.20999999999999996,5,0.6,0.4,4.2,1.7458765022793201
B001L8KE06,0.99522,5,1.0,0.0,5.0,5.0
B001L8MDMS,0.6518857142857143,7,1.0,0.0,4.714285714285714,3.5771475933929313
B001L8NGJ2,0.6986733333333334,15,1.0,0.0,4.466666666666667,3.7710457245475895
B001L8PIFW,0.6539375000000001,8,0.875,0.125,3.625,3.5856506423539165
B001LJUVO4,0.32028125,16,0.6875,0.3125,3.4375,2.202906133443846
B001LNN30E,0.9704333333333333,6,1.0,0.0,5.0,4.897278629644978
B001M59AS0,0.6639,6,0.8333333333333334,0.16666666666666666,4.166666666666667,3.626937422295897
B001MMYVZU,0.6167235294117647,17,0.8823529411764706,0.058823529411764705,4.529411764705882,3.431427805270471
B001MSS6CS,0.6267400000000001,10,0.9,0.1,4.4,3.4729382511396607
B001NXDSK2,0.8071400000000001,5,1.0,0.0,4.6,4.220555325321177
B001OLW0J8,0.7340777777777778,9,0.8888888888888888,0.0,4.444444444444445,3.9177694893401487
B001OLZYUU,0.6353571428571428,7,0.8571428571428571,0.0,4.571428571428571,3.5086495766976498
B001PGXHW6,0.44489999999999996,5,0.8,0.2,5.0,2.719353501864898
B001PGXHX0,0.6396620689655172,58,0.9137931034482759,0.05172413793103448,4.637931034482759,3.526490132472098
B001PGXHYO,0.82728,5,1.0,0.0,4.4,4.30401989225031
B001PGXIHK,0.8382799999999999,5,1.0,0.0,4.2,4.3496062992125974
B001PGXJGU,0.7596666666666666,6,1.0,0.0,4.666666666666667,4.023815444122116
B001PGXKC8,0.53278,55,0.8181818181818182,0.14545454545454545,4.327272727272727,3.083547451305429
B001Q8DJO4,0.8042,7,1.0,0.0,5.0,4.208371322005802
B001QJGYIG,0.8552375,8,1.0,0.0,4.5,4.419881889763779
B001QWBM62,0.89595,10,1.0,0.0,4.3,4.588603398259428
B001R2LQWQ,0.8551285714285715,7,1.0,0.0,4.142857142857143,4.419430465928601
B001R76D42,0.9163222222222223,9,1.0,0.0,4.555555555555555,4.6730303448910995
B001REJX1U,0.6797857142857142,7,0.8571428571428571,0.0,4.285714285714286,3.6927712983245513
B001RMFSDE,0.27816,10,0.6,0.3,3.9,2.0283464566929132
B001RNH8YA,0.716175,8,1.0,0.0,4.875,3.843576460837132
B001RNHE30,0.8167222222222222,9,1.0,0.0,4.777777777777778,4.260266150941659
B001RNOHHG,0.7865599999999999,10,1.0,0.0,4.5,4.135267302113551
B001SC4I16,0.6517733333333333,15,0.8666666666666667,0.13333333333333333,4.333333333333333,3.576681862135654
B001U5PCFM,0.9586571428571429,7,1.0,0.0,3.7142857142857144,4.84847551950743
B001UJEKZ6,0.6402333333333333,6,1.0,0.0,3.3333333333333335,3.5288575770133996
B001UYKGUE,0.6193285714285715,7,0.8571428571428571,0.14285714285714285,4.571428571428571,3.442223669409745
B001V5K2S8,0.8417,8,1.0,0.0,5.0,4.363779527559055
B001W99HE8,0.7074849999999999,20,0.9,0.1,5.0,3.8075631993369248
B001XJBWXG,0.8451333333333334,6,1.0,0.0,5.0,4.378008012156375
B002024UDE,0.25902857142857144,7,0.7142857142857143,0.2857142857142857,4.285714285714286,1.949061630454088
B0023BYDHK,0.6499999999999999,9,0.8888888888888888,0.0,4.111111111111111,3.569332780770824
B002433RXI,0.7049857142857142,7,1.0,0.0,4.857142857142857,3.7972056124563376
B0025PM6DM,0.1824714285714286,7,0.5714285714285714,0.42857142857142855,4.285714285714286,1.6317920786217512
B0025V1REU,0.3197285714285715,7,0.5714285714285714,0.42857142857142855,2.7142857142857144,2.2006157125096206
B00267OCTA,0.5386923076923077,13,0.8461538461538461,0.15384615384615385,4.6923076923076925,3.1080493480825018
B0026KEGLQ,0.64836,5,1.0,0.0,4.6,3.5625362619146292
B0026RB0G8,0.6036258064516129,31,0.8709677419354839,0.0967741935483871,4.354838709677419,3.3771479753485822
B0027842S4,0.82046,10,1.0,0.0,5.0,4.275756319933692
B0027M30Z6,0.670675,12,0.8333333333333334,0.16666666666666666,4.333333333333333,3.6550145047658518
B0027V760M,0.38302727272727277,11,0.7272727272727273,0.18181818181818182,3.727272727272727,2.462939381381155
B002AQNGIU,0.41960000000000003,15,0.7333333333333333,0.26666666666666666,4.6,2.614504765851637
B002B8EWVW,0.62798,5,0.8,0.2,4.4,3.4780770824699543
B002C4SM5W,0.9195800000000001,5,1.0,0.0,3.4,4.686531288852051
B002C741B8,0.60305,6,0.8333333333333334,0.16666666666666666,3.5,3.3747617074181515
B002C741BI,0.6687769230769232,13,0.8461538461538461,0.15384615384615385,3.923076923076923,3.6471484586693874
B002CMLPYY,0.6853400000000001,5,1.0,0.0,4.8,3.715789473684211
B002DC8OE2,0.7542333333333332,6,1.0,0.0,4.166666666666667,4.001298521895289
B002DYJEMQ,0.8389857142857142,7,1.0,0.0,4.714285714285714,4.352530933633295
B002EWV8IU,0.688795,20,0.9,0.0,4.7,3.730107749689184
B002EWV8NA,0.87752,5,1.0,0.0,4.2,4.512225445503522
B002G1UT5C,0.5139400000000001,10,0.8,0.2,3.9,3.005470368835475
B002GHBZ4U,0.9257625,8,1.0,0.0,4.75,4.712152921674265
B002GYWBIM,0.81965,10,0.9,0.0,4.3,4.272399502693742
B002GYWBJ6,0.82847,10,1.0,0.0,4.7,4.308951512639867
B002GYWBKU,0.5167111111111111,9,0.7777777777777778,0.2222222222222222,4.555555555555555,3.0169544596399134
B002HFC6P8,0.8053799999999999,5,1.0,0.0,4.8,4.21326150020721
B002HJ61PK,0.3772166666666667,6,0.6666666666666666,0.3333333333333333,3.3333333333333335,2.4388589584196714
B002HPMTZU,0.6236058823529412,17,0.8823529411764706,0.058823529411764705,4.411764705882353,3.4599497818190685
B002IC1D5E,0.6531666666666667,6,1.0,0.0,3.6666666666666665,3.5824561403508772
B002IJK0H4,0.8093166666666667,6,1.0,0.0,4.833333333333333,4.229575908274623
B002KDHBRU,0.7095777777777778,9,0.8888888888888888,0.1111111111111111,4.333333333333333,3.8162361283786894
B002M8EEW8,0.6420600000000001,5,1.0,0.0,4.4,3.536427683381683
B002M8GBDI,0.84344,5,1.0,0.0,3.6,4.370990468296726
B002MWKOAA,0.47862,5,1.0,0.0,4.8,2.8590965602983838
B002N4GBLI,0.56655,6,0.8333333333333334,0.16666666666666666,4.666666666666667,3.223497720679652
B002NG7DEK,0.6401833333333333,12,0.8333333333333334,0.08333333333333333,4.25,3.528650366072662
B002PAW6EG,0.40818000000000004,5,0.8,0.2,4.4,2.567177786987153
B002PMHAVS,0.7429833333333334,6,1.0,0.0,4.666666666666667,3.954676060229314
B002Q0WSO8,0.79640625,16,1.0,0.0,4.6875,4.176072316618317
B002Q0WT6U,0.41419999999999996,5,0.8,0.2,4.4,2.592125984251968
B002QJVTNA,0.5517,9,0.7777777777777778,0.1111111111111111,4.555555555555555,3.1619560712805637
B002QKRUJG,0.7579375,8,1.0,0.0,4.125,4.016649399088272
B002QQC1ZI,0.58579,10,0.8,0.2,3.8,3.3032324906755077
B002R2IUEW,0.6251,8,0.875,0.125,4.5,3.4661417322834644
B002RLLD88,0.7710833333333333,6,1.0,0.0,5.0,4.0711286089238845
B002T45X1G,0.850225,8,1.0,0.0,4.875,4.399108992954828
B002UXS4JO,0.7016181818181818,11,0.8181818181818182,0.09090909090909091,4.454545454545454,3.7832498210450964
B002VA464S,0.8955133333333334,15,1.0,0.0,4.533333333333333,4.586793756043653
B002X8Y4SQ,0.5328722222222222,18,0.7777777777777778,0.2222222222222222,4.444444444444445,3.0839296403739005
B002Z9JWZ8,0.8726800000000001,5,1.0,0.0,4.8,4.492167426440116
B002ZH9JQC,0.84773,10,1.0,0.0,4.9,4.388769167012018
B00315D0E4,0.8368500000000001,6,1.0,0.0,4.833333333333333,4.343680066307501
B0033P1O6S,0.8320700000000001,10,0.9,0.1,5.0,4.3238707003729795
B0033PSGSW,0.7641636363636363,11,1.0,0.0,4.545454545454546,4.042451870549674
B0033PSLSM,0.34708333333333335,6,0.6666666666666666,0.3333333333333333,4.0,2.313979831468435
B00352MHGA,0.7521,5,1.0,0.0,4.8,3.9924575217571485
B0035LCFRW,0.6824666666666667,6,1.0,0.0,3.8333333333333335,3.703881751623152
B00378GEAM,0.9274111111111112,9,1.0,0.0,4.444444444444445,4.718985126859143
B0037GXRHM,0.1725,9,0.5555555555555556,0.4444444444444444,3.888888888888889,1.590468296726067
B0037M4CPM,0.7520625,16,1.0,0.0,4.4375,3.9923021135515953
B0037M62AK,0.5270294117647059,17,0.8235294117647058,0.17647058823529413,4.117647058823529,3.0597157553448233
B0037M62JQ,0.7561899999999999,10,1.0,0.0,4.9,4.00940737670949
B0037M62KA,0.6319,20,0.85,0.15,4.55,3.4943224202237877
B0037M62M8,0.7068857142857142,7,1.0,0.0,3.5714285714285716,3.805079628204369
B0037MA77E,0.56035,10,0.8,0.2,4.3,3.1978035640281806
B0037MC786,0.5519222222222222,9,0.7777777777777778,0.2222222222222222,4.111111111111111,3.162877008794953
B0037ME50Y,0.65515,12,1.0,0.0,4.666666666666667,3.5906755076668047
B00389KMQM,0.8761285714285715,7,1.0,0.0,5.0,4.506459061038423
B0038MTH8S,0.9463799999999999,5,1.0,0.0,4.8,4.797596353087442
B0038O9NLM,0.8375400000000001,5,1.0,0.0,4.4,4.346539577289681
B0039HBNMA,0.5615777777777777,9,0.8888888888888888,0.1111111111111111,4.888888888888889,3.2028917437951834
B003AAEGZ2,0.9264727272727273,11,1.0,0.0,4.636363636363637,4.715096258900652
B003AJMPW4,0.8384555555555555,9,1.0,0.0,5.0,4.3503338398489655
B003AM913C,0.57334,5,0.8,0.2,3.2,3.2516369664318274
B003AYC1SM,0.75388,5,0.8,0.0,5.0,3.99983423124741
B003AYEAHC,0.7416125,8,0.875,0.125,4.375,3.948995026937422
B003AYJU5O,0.88874,5,1.0,0.0,4.4,4.558723580605055
B003AYK8XW,0.8284375,8,1.0,0.0,4.875,4.308816825528388
B003AYNFRS,0.6775,5,0.8,0.0,4.8,3.6832987981765437
B003AYNHGW,0.5929818181818182,11,0.9090909090909091,0.0,4.7272727272727275,3.3330369588968844
B003AYPT8G,0.36658,5,0.8,0.2,5.0,2.3947782842934107
B003AYRBWI,0.20011250000000003,8,0.625,0.25,4.875,1.704900538748446
B003B01QL8,0.6455611111111111,18,0.8333333333333334,0.1111111111111111,4.666666666666667,3.5509370539208915
B003B01QR2,0.6609454545454545,22,0.9090909090909091,0.09090909090909091,4.545454545454546,3.6146931394341255
B003B0I09Y,0.8241625,8,1.0,0.0,4.625,4.291100290095317
B003BFYDBS,0.6381416666666667,12,0.9166666666666666,0.0,4.416666666666667,3.520189252659207
B003BGO2OK,0.6582181818181818,11,0.9090909090909091,0.0,4.7272727272727275,3.603390724484798
B003CLIPHO,0.69045,4,1.0,0.0,4.5,3.7369664318276006
B003D3OCD2,0.9091375,8,1.0,0.0,4.625,4.643255283878989
B003DVGVIS,0.60323125,32,0.84375,0.09375,4.5,3.3755128470783258
B003FO6E6M,0.778475,8,1.0,0.0,4.125,4.10176129299627
B003FVB7XA,0.51764,5,0.8,0.2,4.6,3.020803978450062
B003FW0IHA,0.6310833333333333,6,0.8333333333333334,0.16666666666666666,4.666666666666667,3.4909379748584057
B003GEBGA0,0.6540608695652174,23,0.8695652173913043,0.08695652173913043,4.304347826086956,3.586161912827258
B003HGFRO8,0.35314,5,0.8,0.2,4.6,2.3390799834231246
B003JJQMD8,0.671140625,32,0.9375,0.03125,4.71875,3.6569441566514715
B003K16N0C,0.63001,10,0.8,0.1,3.6,3.4864898466639036
B003KJ0ZD0,0.7682599999999999,5,1.0,0.0,4.2,4.059428097803564
B003KQY8DQ,0.3124833333333333,6,0.8333333333333334,0.16666666666666666,3.0,2.1705898604779663
B003LTJ404,0.6847411764705882,17,0.9411764705882353,0.058823529411764705,4.588235294117647,3.7133078179469052
B003LZ2IT2,0.8343833333333333,6,1.0,0.0,4.833333333333333,4.333457659897776
B003NJF1G8,0.7035823529411765,17,0.8823529411764706,0.058823529411764705,4.647058823529412,3.7913897759684065
B003OG9NH8,0.8759166666666666,12,1.0,0.0,4.75,4.505580881337201
B003OUX8ZM,0.9036285714285714,7,1.0,0.0,4.285714285714286,4.620425078444142
B003PC2XQE,0.43920000000000003,5,0.8,0.0,4.8,2.695731454620804
B003QTM9O2,0.21332,5,0.6,0.4,3.6,1.7596353087443015
B003S3S0DU,0.9383333333333334,6,1.0,0.0,4.666666666666667,4.764249205691394
B003SZDFM4,0.5773461538461538,13,0.8461538461538461,0.15384615384615385,3.769230769230769,3.2682393445758553
B003U3LUOY,0.7462857142857143,7,1.0,0.0,4.428571428571429,3.968361849505654
B003VWJ2K8,0.6820061728395062,162,0.9074074074074074,0.07407407407407407,4.685185185185185,3.701973364440556
B003VWKPHC,0.7120649122807017,114,0.9473684210526315,0.02631578947368421,4.649122807017544,3.8265433579805292
B003VYBD58,0.6968916666666667,12,0.9166666666666666,0.0,4.583333333333333,3.7636621080259705
B003VYBNLW,0.6869,10,0.9,0.0,4.6,3.7222544550352255
B003W47NII,0.67396,10,0.9,0.0,3.3,3.6686282635723164
B003WZ6VVM,0.5473571428571429,7,0.8571428571428571,0.14285714285714285,4.142857142857143,3.143958320999349
B003XDUAOM,0.9427166666666666,6,1.0,0.0,3.8333333333333335,4.78241469816273
B003Y3ASW0,0.4768,7,0.7142857142857143,0.0,4.857142857142857,2.8515540820555323
B003YVRGN6,0.9404,5,1.0,0.0,4.8,4.7728139245752175
B0040O49OU,0.6064999999999999,7,0.8571428571428571,0.0,4.571428571428571,3.3890592623290505
B0040ZBI52,0.6648636363636364,11,0.8181818181818182,0.18181818181818182,4.363636363636363,3.63093094224466
B0041T53KI,0.82942,5,1.0,0.0,4.4,4.312888520513883
B0042EZH6W,0.8288222222222222,27,0.9259259259259259,0.037037037037037035,4.888888888888889,4.310411198600175
B0042F1L4S,0.9878600000000001,5,1.0,0.0,4.2,4.969498549523415
B0043RZ9QQ,0.8754,5,1.0,0.0,4.6,4.503439701616245
B0044R1M0M,0.68627,10,1.0,0.0,4.7,3.7196435971819315
B00466HLXI,0.52634,5,0.8,0.2,4.0,3.056858682138417
B00466HM28,0.12727142857142856,7,0.5714285714285714,0.42857142857142855,2.857142857142857,1.4030312000473624
B0046A04LU,0.6303545454545455,11,0.9090909090909091,0.0,4.636363636363637,3.487917718419169
B0049Z4UQ2,0.48784285714285713,7,0.7142857142857143,0.2857142857142857,4.714285714285714,2.897318098395595
B004BZU4OW,0.8268800000000001,5,1.0,0.0,4.8,4.3023622047244094
B004FEBS8K,0.93774,5,1.0,0.0,4.6,4.761790302527974
B004FEGXDK,0.592935,20,0.8,0.2,4.3,3.332842934106921
B004FODY6E,0.82326,5,1.0,0.0,4.6,4.287360132615002
B004FPEF84,0.6253684210526316,19,0.8421052631578947,0.15789473684210525,4.105263157894737,3.4672541278600564
B004FRHKA2,0.5601285714285714,7,0.8571428571428571,0.14285714285714285,4.571428571428571,3.1968859155763423
B004GYM7IE,0.857,5,1.0,0.0,4.6,4.427186075424782
B004GYOZ6G,0.81835,6,1.0,0.0,4.833333333333333,4.2670120182345626
B004HJ58JI,0.5916833333333333,6,0.8333333333333334,0.16666666666666666,4.5,3.327655753557121
B004HJ9COU,0.030020000000000026,5,0.4,0.4,3.8,1.0
B004INGEB4,0.4455833333333333,6,0.6666666666666666,0.16666666666666666,4.5,2.722185384721646
B004ISK48S,0.79575,6,0.8333333333333334,0.16666666666666666,3.8333333333333335,4.173352673021135
B004ISLGKS,0.7945,5,1.0,0.0,4.4,4.168172399502693
B004J27QXY,0.8765833333333334,6,1.0,0.0,4.833333333333333,4.50834369388037
B004LG93KC,0.6796666666666668,6,1.0,0.0,4.333333333333333,3.692277938941843
B004M8UZS8,0.7482333333333333,6,1.0,0.0,4.833333333333333,3.976433209006769
B004M9CKVM,0.8646714285714285,7,1.0,0.0,4.571428571428571,4.458978154046533
B004MF39YS,0.8378833333333334,6,1.0,0.0,3.8333333333333335,4.347962425749413
B004MM6RWM,0.44706,5,1.0,0.0,4.8,2.7283050145047656
B004MNTIL8,0.28376,5,0.8,0.2,4.8,2.0515540820555325
B004N0MKN8,0.49125,26,0.8076923076923077,0.15384615384615385,3.8076923076923075,2.9114380439287197
B004N6RBWW,0.7499333333333333,6,1.0,0.0,4.166666666666667,3.98347838099185
B004OK17QS,0.68445,14,0.9285714285714286,0.07142857142857142,4.785714285714286,3.71210111893908
B004OK1G64,0.87536,5,1.0,0.0,4.8,4.503273932863655
B004OU2IQG,0.8180111111111111,9,1.0,0.0,4.111111111111111,4.265607588525119
B004PFWYL4,0.9518800000000001,5,1.0,0.0,4.0,4.820389556568587
B004PFWZHM,0.50514,5,0.8,0.2,4.6,2.9690012432656445
B004PG1A4A,0.9256875,8,1.0,0.0,4.625,4.711842105263158
B004T6M7DE,0.9545384615384616,13,1.0,0.0,4.538461538461538,4.831406802894577
B004TE5HBU,0.6029111111111111,9,0.8888888888888888,0.0,4.0,3.374186121471658
B004TGVRDA,0.7556666666666666,6,1.0,0.0,4.333333333333333,4.0072385688631025
B004TQJ174,0.7567222222222223,9,1.0,0.0,4.222222222222222,4.011613022056453
B004U1QDL0,0.5848888888888888,9,0.7777777777777778,0.2222222222222222,3.888888888888889,3.2994980890546572
B004UJO41S,0.62227,20,0.9,0.1,4.05,3.4544135930377124
B004UNL1P6,0.2916714285714286,7,0.7142857142857143,0.2857142857142857,4.714285714285714,2.0843407731928245
B004VDD4KK,0.8545545454545455,11,1.0,0.0,4.636363636363637,4.417051576686886
B004XNK7AI,0.6788430769230769,65,0.9076923076923077,0.07692307692307693,4.4,3.68886480283082
B004Z17008,0.7132074074074074,27,0.9629629629629629,0.037037037037037035,4.666666666666667,3.831278107780387
B004Z8VQ2O,0.35497142857142855,7,0.7142857142857143,0.2857142857142857,3.4285714285714284,2.3466698241667157
B004ZKIHVU,0.80392,10,0.9,0.1,4.4,4.207210940737671
B004ZKY10Q,0.7561857142857143,7,0.8571428571428571,0.14285714285714285,4.428571428571429,4.009389615771712
B0050ALN2E,0.6779571428571429,7,0.8571428571428571,0.0,4.428571428571429,3.6851932982061455
B0050CEEIW,0.53354,5,0.8,0.2,3.4,3.0866970576046415
B0051WAJ5S,0.7172785714285714,14,0.9285714285714286,0.07142857142857142,4.071428571428571,3.848149902314842
B0052FU602,0.6351,5,0.8,0.2,4.6,3.507583920430999
B0052S3WFU,0.7242714285714287,7,0.8571428571428571,0.14285714285714285,4.571428571428571,3.877129832455154
B0053CUHMG,0.9135333333333334,6,1.0,0.0,4.0,4.661472579085509
B0055V7UR0,0.6921307692307692,13,0.9230769230769231,0.0,4.461538461538462,3.743931907297013
B0058GZTVG,0.7555666666666667,6,0.8333333333333334,0.16666666666666666,4.5,4.006824146981628
B005A09I7Q,0.775623076923077,13,1.0,0.0,4.3076923076923075,4.089942299722656
B005AGGZ8K,0.40363333333333334,6,0.6666666666666666,0.16666666666666666,3.6666666666666665,2.5483354054427405
B005BSOVRY,0.7974,7,0.8571428571428571,0.0,4.285714285714286,4.180190634065478
B005CERXFO,0.34215,6,0.6666666666666666,0.3333333333333333,4.333333333333333,2.2935350186489845
B005CX4GLE,0.5816292682926829,41,0.8292682926829268,0.12195121951219512,4.439024390243903,3.285989508050903
B005DVF15A,0.36082000000000003,5,0.8,0.2,3.8,2.370907583920431
B005E0CPNG,0.67518,5,1.0,0.0,4.0,3.6736842105263157
B005EHILV4,0.8101444444444444,9,1.0,0.0,4.555555555555555,4.233006400515725
B005F3H6Q8,0.7982166666666667,6,1.0,0.0,5.0,4.18357507943086
B005FIFM14,0.6817571428571428,7,0.8571428571428571,0.14285714285714285,4.714285714285714,3.700941329702208
B005FKF1PY,0.6585274193548387,62,0.8709677419354839,0.0967741935483871,4.145161290322581,3.6046722725024396
B005FKF3L6,0.8406444444444445,9,1.0,0.0,4.888888888888889,4.3594050743657045
B005FKF3N4,0.67894,5,1.0,0.0,4.2,3.6892664732697886
B005GZ86ZA,0.6782600000000001,5,1.0,0.0,4.6,3.686448404475757
B005H2007E,0.73064,15,1.0,0.0,4.4,3.9035225859925404
B005IGFGWI,0.10227999999999997,5,0.6,0.4,4.8,1.299461251554082
B005IVUWDG,0.53498,5,0.8,0.2,4.4,3.0926647326978864
B005J2PXV0,0.7176428571428571,7,1.0,0.0,4.428571428571429,3.849659582025931
B005J9FS0Y,0.65556,5,0.8,0.2,4.4,3.592374637380854
B005LYIW3W,0.8548,17,0.9411764705882353,0.0,4.705882352941177,4.418068794032325
B005M0CK9M,0.801912,25,0.92,0.08,4.56,4.198889349357645
B005M0KLGQ,0.5670857142857143,7,0.7142857142857143,0.14285714285714285,4.285714285714286,3.225717837901841
B005M0MUQK,0.9327,5,1.0,0.0,4.8,4.740903439701616
B005M0TKL8,0.841,9,1.0,0.0,4.888888888888889,4.360878574388727
B005MR6IHK,0.64177,20,0.9,0.1,4.7,3.535225859925404
B005NACC6M,0.91545,8,1.0,0.0,4.0,4.6694156651471195
B005OZE9SA,0.747565,20,0.95,0.05,4.35,3.973663489432242
B005PGGU9O,0.40815999999999997,15,0.6666666666666666,0.3333333333333333,4.6,2.5670949026108576
B005PNXT6E,0.6129388888888889,18,0.9444444444444444,0.0,4.777777777777778,3.415743426808491
B005SUS1JO,0.8340285714285713,7,1.0,0.0,4.285714285714286,4.331987448937303
B005T800V2,0.4936357142857143,14,0.8571428571428571,0.14285714285714285,4.642857142857143,2.9213249659582026
B005TO9EPY,0.6512,5,1.0,0.0,4.8,3.5743058433485286
B005VLR6XC,0.54215,6,0.8333333333333334,0.16666666666666666,4.333333333333333,3.1223787815996684
B005VLWHP4,0.5493066666666666,15,0.8666666666666667,0.13333333333333333,4.666666666666667,3.152037574250587
B005VM5Z5C,0.46869999999999995,5,0.8,0.2,3.8,2.8179859096560294
B005ZV5K0O,0.15495714285714282,7,0.5714285714285714,0.42857142857142855,4.714285714285714,1.517766858090107
B00646MZHK,0.6879661290322581,62,0.8870967741935484,0.0967741935483871,4.596774193548387,3.7266727270296647
B0064BFNME,0.6753199999999999,5,1.0,0.0,5.0,3.674264401160381
B0064RDPVE,0.66525,8,0.875,0.125,4.625,3.6325321176958143
B0064RFT4A,0.8186222222222221,9,1.0,0.0,4.666666666666667,4.268140166689689
B0064RIB9A,0.5974181818181818,11,0.8181818181818182,0.09090909090909091,4.090909090909091,3.3514222205477906
B006H5119Q,0.95695,6,1.0,0.0,4.5,4.841400745959386
B006X0UCKY,0.53294,5,0.8,0.0,4.6,3.0842105263157893
B006X735PQ,0.71452,5,0.8,0.2,4.8,3.8367177786987154
B006Y2FUW6,0.9738166666666667,6,1.0,0.0,5.0,4.911299903301561
B0073XCXHA,0.5713727272727273,22,0.7727272727272727,0.13636363636363635,4.818181818181818,3.2434841577817126
B0073XCYO2,0.48062000000000005,5,0.6,0.4,5.0,2.8673849979278905
B0073XCZ3C,0.5030166666666667,6,0.6666666666666666,0.16666666666666666,4.666666666666667,2.9602016853156514
B0078YF9V6,0.7494166666666667,6,1.0,0.0,4.333333333333333,3.981337201270894
B0079KQEOK,0.6225714285714286,7,0.8571428571428571,0.14285714285714285,4.428571428571429,3.4556627789947307
B007BY2F7O,0.677,12,0.9166666666666666,0.08333333333333333,4.333333333333333,3.681226688769167
B007IE5QP0,0.8286777777777777,9,1.0,0.0,4.444444444444445,4.309812589215821
B007IHYBV2,0.8643333333333333,6,1.0,0.0,3.8333333333333335,4.45757701339964
B007J49GPK,0.8160299999999999,10,1.0,0.0,4.9,4.2573974305843345
B007K3EGWI,0.6869799999999999,5,0.8,0.2,5.0,3.722585992540406
B007K3EGXW,0.5694125,8,0.75,0.125,4.875,3.2353605470368834
B007PKR3SK,0.57179375,16,0.875,0.125,4.125,3.245228968089515
B007Q27BH0,0.9178999999999999,11,1.0,0.0,4.363636363636363,4.679569001243265
B007Q28BHE,0.8009,9,0.8888888888888888,0.1111111111111111,4.222222222222222,4.194695399917115
B007T8CUNG,0.54158125,16,0.875,0.125,3.875,3.1200217571487774
B007T8KI6M,0.7224625,8,1.0,0.0,4.125,3.8696332366348942
B007T8OGLK,0.49178125,16,0.8125,0.1875,3.75,2.913639660174057
B007TGWQZ0,0.4788,5,0.8,0.2,4.2,2.8598425196850394
B007XH9432,0.9102600000000001,5,1.0,0.0,4.0,4.647907169498549
B007YWHIP2,0.44538181818181816,11,0.7272727272727273,0.18181818181818182,3.909090909090909,2.7213502618392793
B008277N80,0.9660666666666667,6,1.0,0.0,4.333333333333333,4.879182207487222
B0087UPSLQ,0.36448749999999996,8,0.75,0.25,3.75,2.386106506423539
B008AOH1O6,0.5900666666666666,6,0.8333333333333334,0.0,4.5,3.320955933139936
B008BPI2HE,0.7959257142857142,35,0.9142857142857143,0.05714285714285714,4.6571428571428575,4.1740808714700135
B008BTTQI4,0.815857142857143,7,1.0,0.0,3.4285714285714284,4.256681072760642
B008GS3XLQ,0.7966571428571428,7,1.0,0.0,4.571428571428571,4.177112071517376
B008GS9UNQ,0.7635111111111111,9,1.0,0.0,4.777777777777778,4.039747663121057
B008IYUF96,0.7234142857142858,7,1.0,0.0,4.142857142857143,3.873577644899651
B008LMS4MK,0.7467555555555555,9,1.0,0.0,4.333333333333333,3.9703089745360773
B008O0RKVA,0.6252666666666666,6,0.8333333333333334,0.16666666666666666,4.333333333333333,3.466832435419257
B008TNAG4A,0.33512000000000003,5,0.8,0.2,3.8,2.264401160381268
B00923G9Q0,0.6099,5,0.8,0.2,5.0,3.4031496062992126
B0097WDJZA,0.7850545454545454,11,1.0,0.0,4.454545454545454,4.129028369061523
B0098DFNY8,0.87094,5,1.0,0.0,4.6,4.484956485702445
B009AS1FLG,0.9247400000000001,5,1.0,0.0,4.0,4.7079154579361795
B009E3EWPI,0.63398,5,0.8,0.2,5.0,3.502942395358475
B009EOKTCM,0.48697999999999997,5,0.8,0.2,4.0,2.8937422295897224
B009GT0KNI,0.55172,5,0.8,0.2,4.2,3.1620389556568584
B009MBT68U,0.8259571428571428,7,1.0,0.0,5.0,4.298537682789651
B009MDMQJ4,0.8535600000000001,5,1.0,0.0,4.6,4.412929962702031
B009MIBIWK,0.6993400000000001,5,0.8,0.0,5.0,3.773808537090759
B009O7CE5O,0.8245375,8,1.0,0.0,4.875,4.292654372150849
B009S814U0,0.9766600000000001,5,1.0,0.0,4.8,4.9230832987981765
B009ZX8ZJG,0.5067,7,0.7142857142857143,0.2857142857142857,3.2857142857142856,2.97546622461666
B00A270KYM,0.6723875,8,1.0,0.0,4.125,3.662111479486117
B00A716FB0,0.4740727272727273,11,0.7272727272727273,0.18181818181818182,3.4545454545454546,2.8402516671062052
B00AHEWBM4,0.8558,5,1.0,0.0,5.0,4.422213012847078
B00AK7SKL4,0.1459,6,0.5,0.3333333333333333,3.5,1.480232076253626
B00AQBT3EW,0.7923333333333333,18,0.9444444444444444,0.05555555555555555,4.722222222222222,4.159193258737394
B00AZUAORE,0.7933208333333334,24,0.9583333333333334,0.041666666666666664,4.583333333333333,4.163285674816963
B00B1N06PO,0.8331333333333334,6,1.0,0.0,4.166666666666667,4.328277386379334
B00B5LDMH6,0.6463,5,1.0,0.0,4.6,3.553999171156237
B00B5OY8EE,0.8942399999999999,5,1.0,0.0,4.6,4.581516784086199
B00B9060X6,0.83944,5,1.0,0.0,4.4,4.354413593037712
B00BG6ZM0K,0.7028,6,0.8333333333333334,0.16666666666666666,3.6666666666666665,3.788147534189805
B00BHJNC4E,0.68174,5,1.0,0.0,5.0,3.7008702859510985
B00BHK2UHI,0.6054166666666666,6,0.8333333333333334,0.16666666666666666,3.8333333333333335,3.384569691946401
B00BKXN9LS,0.6112833333333333,12,0.8333333333333334,0.08333333333333333,4.916666666666667,3.408882442326288
B00BL6IYW8,0.8756428571428572,7,1.0,0.0,5.0,4.504446154756971
B00BL6JDUA,0.7856000000000001,9,1.0,0.0,4.666666666666667,4.131288852051388
B00BLQ7M4E,0.52966,5,0.8,0.2,4.6,3.0706174886033986
B00BLQTZDA,0.6699333333333333,6,0.8333333333333334,0.16666666666666666,4.666666666666667,3.651940875811576
B00BTGMI5O,0.8921666666666667,6,1.0,0.0,4.666666666666667,4.572924437076944
B00BU9KCXK,0.558447619047619,21,0.8095238095238095,0.047619047619047616,4.476190476190476,3.1899196810924946
B00C5B20QE,0.33388,5,0.6,0.4,5.0,2.2592623290509737
B00CDA0IUC,0.6564285714285714,7,0.8571428571428571,0.0,4.285714285714286,3.5959741874370965
B00CFMWBLC,0.5728833333333333,6,0.8333333333333334,0.0,4.5,3.249744439839757
B00CK2FOZM,0.79012,5,1.0,0.0,5.0,4.150020721094074
B00E0EXYMS,0.98004,5,1.0,0.0,3.4,4.937090758392043
B00EIMZG46,0.84338,5,1.0,0.0,4.4,4.3707418151678405
B00EPWAQS0,0.92516,5,1.0,0.0,4.6,4.709656029838375
B00EQDITGO,0.8334400000000001,5,1.0,0.0,4.0,4.329548280149192
B00F2PKRJW,0.14704,5,0.6,0.4,4.2,1.4849564857024449
B00FXKIG5I,0.3297857142857143,7,0.5714285714285714,0.42857142857142855,4.0,2.242294713160855
B00GTSM8FW,0.7856941176470588,17,0.9411764705882353,0.058823529411764705,4.235294117647059,4.13167889617513
B00H02C9TG,0.9752333333333333,6,1.0,0.0,4.833333333333333,4.917170879955795
B00HFRXACG,0.9212363636363636,11,1.0,0.0,4.818181818181818,4.693395622197943
B00IZCSW3M,0.8516416666666666,24,1.0,0.0,4.791666666666667,4.4049799696090615
B00J4TBMVO,0.9544375,8,1.0,0.0,4.5,4.830988396187319
B00JBIVXGC,0.9143846153846155,13,1.0,0.0,4.538461538461538,4.665000478179094
